filename,object_location,image_small,image_thumb
1605_0327.jpg,/objects/1605_0327.jpg,/objects/small/1605_0327_sm.jpg,/objects/thumbs/1605_0327_th.jpg
1605_0328.jpg,/objects/1605_0328.jpg,/objects/small/1605_0328_sm.jpg,/objects/thumbs/1605_0328_th.jpg
1605_0329.jpg,/objects/1605_0329.jpg,/objects/small/1605_0329_sm.jpg,/objects/thumbs/1605_0329_th.jpg
1605_0330.jpg,/objects/1605_0330.jpg,/objects/small/1605_0330_sm.jpg,/objects/thumbs/1605_0330_th.jpg
1605_0331.jpg,/objects/1605_0331.jpg,/objects/small/1605_0331_sm.jpg,/objects/thumbs/1605_0331_th.jpg
1605_0332.jpg,/objects/1605_0332.jpg,/objects/small/1605_0332_sm.jpg,/objects/thumbs/1605_0332_th.jpg
1605_0333.jpg,/objects/1605_0333.jpg,/objects/small/1605_0333_sm.jpg,/objects/thumbs/1605_0333_th.jpg
2490_0075.jpg,/objects/2490_0075.jpg,/objects/small/2490_0075_sm.jpg,/objects/thumbs/2490_0075_th.jpg
2490_0076.jpg,/objects/2490_0076.jpg,/objects/small/2490_0076_sm.jpg,/objects/thumbs/2490_0076_th.jpg
2490_0077.jpg,/objects/2490_0077.jpg,/objects/small/2490_0077_sm.jpg,/objects/thumbs/2490_0077_th.jpg
3457_0579.jpg,/objects/3457_0579.jpg,/objects/small/3457_0579_sm.jpg,/objects/thumbs/3457_0579_th.jpg
3457_0580.jpg,/objects/3457_0580.jpg,/objects/small/3457_0580_sm.jpg,/objects/thumbs/3457_0580_th.jpg
3791_0775.jpg,/objects/3791_0775.jpg,/objects/small/3791_0775_sm.jpg,/objects/thumbs/3791_0775_th.jpg
3791_0776.jpg,/objects/3791_0776.jpg,/objects/small/3791_0776_sm.jpg,/objects/thumbs/3791_0776_th.jpg
3791_0777.jpg,/objects/3791_0777.jpg,/objects/small/3791_0777_sm.jpg,/objects/thumbs/3791_0777_th.jpg
3791_0779.jpg,/objects/3791_0779.jpg,/objects/small/3791_0779_sm.jpg,/objects/thumbs/3791_0779_th.jpg
3791_0780.jpg,/objects/3791_0780.jpg,/objects/small/3791_0780_sm.jpg,/objects/thumbs/3791_0780_th.jpg
3791_0781.jpg,/objects/3791_0781.jpg,/objects/small/3791_0781_sm.jpg,/objects/thumbs/3791_0781_th.jpg
3912_11.jpg,/objects/3912_11.jpg,/objects/small/3912_11_sm.jpg,/objects/thumbs/3912_11_th.jpg
3912_7.jpg,/objects/3912_7.jpg,/objects/small/3912_7_sm.jpg,/objects/thumbs/3912_7_th.jpg
3912_91.jpg,/objects/3912_91.jpg,/objects/small/3912_91_sm.jpg,/objects/thumbs/3912_91_th.jpg
785_18.jpg,/objects/785_18.jpg,/objects/small/785_18_sm.jpg,/objects/thumbs/785_18_th.jpg
785_5.jpg,/objects/785_5.jpg,/objects/small/785_5_sm.jpg,/objects/thumbs/785_5_th.jpg
8943_0387.jpg,/objects/8943_0387.jpg,/objects/small/8943_0387_sm.jpg,/objects/thumbs/8943_0387_th.jpg
8943_0388.jpg,/objects/8943_0388.jpg,/objects/small/8943_0388_sm.jpg,/objects/thumbs/8943_0388_th.jpg
8943_0389.jpg,/objects/8943_0389.jpg,/objects/small/8943_0389_sm.jpg,/objects/thumbs/8943_0389_th.jpg
8943_0390.jpg,/objects/8943_0390.jpg,/objects/small/8943_0390_sm.jpg,/objects/thumbs/8943_0390_th.jpg
8943_0391.jpg,/objects/8943_0391.jpg,/objects/small/8943_0391_sm.jpg,/objects/thumbs/8943_0391_th.jpg
8943_0392.jpg,/objects/8943_0392.jpg,/objects/small/8943_0392_sm.jpg,/objects/thumbs/8943_0392_th.jpg
8943_0393.jpg,/objects/8943_0393.jpg,/objects/small/8943_0393_sm.jpg,/objects/thumbs/8943_0393_th.jpg
8943_0394.jpg,/objects/8943_0394.jpg,/objects/small/8943_0394_sm.jpg,/objects/thumbs/8943_0394_th.jpg
8943_0395.jpg,/objects/8943_0395.jpg,/objects/small/8943_0395_sm.jpg,/objects/thumbs/8943_0395_th.jpg
8943_0396.jpg,/objects/8943_0396.jpg,/objects/small/8943_0396_sm.jpg,/objects/thumbs/8943_0396_th.jpg
8943_0397.jpg,/objects/8943_0397.jpg,/objects/small/8943_0397_sm.jpg,/objects/thumbs/8943_0397_th.jpg
8943_0398.jpg,/objects/8943_0398.jpg,/objects/small/8943_0398_sm.jpg,/objects/thumbs/8943_0398_th.jpg
BM000594899.jpeg,/objects/BM000594899.jpeg,/objects/small/bm000594899_sm.jpg,/objects/thumbs/bm000594899_th.jpg
BM000628062.jpeg,/objects/BM000628062.jpeg,/objects/small/bm000628062_sm.jpg,/objects/thumbs/bm000628062_th.jpg
BPL_182.jpg,/objects/BPL_182.jpg,/objects/small/bpl_182_sm.jpg,/objects/thumbs/bpl_182_th.jpg
BPL_182v.jpg,/objects/BPL_182v.jpg,/objects/small/bpl_182v_sm.jpg,/objects/thumbs/bpl_182v_th.jpg
BPL_33.jpg,/objects/BPL_33.jpg,/objects/small/bpl_33_sm.jpg,/objects/thumbs/bpl_33_th.jpg
BPL_33v.jpg,/objects/BPL_33v.jpg,/objects/small/bpl_33v_sm.jpg,/objects/thumbs/bpl_33v_th.jpg
